
--회원정보
INSERT INTO `P0_MEMB`(`MNO`, `MID`, `NAME`, `PWD`, `SDT`) VALUES (1, 'user01', '고길동', PASSWORD('1111'), '2018-08-23');
INSERT INTO `P0_MEMB`(`MNO`, `MID`, `NAME`, `PWD`, `SDT`) VALUES (2, 'user02', '고희동', PASSWORD('1111'), '2018-08-23');
INSERT INTO `P0_MEMB`(`MNO`, `MID`, `NAME`, `PWD`, `SDT`) VALUES (3, 'user03', '김또치', PASSWORD('1111'), '2018-08-23');




--공항정보
INSERT INTO `P0_AP`(`ANO`, `NAME`, `SDT`) VALUES (1,'서울/인천(IDN)','2018-01-07');
INSERT INTO `P0_AP`(`ANO`, `NAME`, `SDT`) VALUES (2,'서울/김포(GMP)','2018-01-07');
INSERT INTO `P0_AP`(`ANO`, `NAME`, `SDT`) VALUES (3,'부산/김해(PUS)','2018-01-07');
INSERT INTO `P0_AP`(`ANO`, `NAME`, `SDT`) VALUES (4,'제주(CJU)','2018-01-07');
INSERT INTO `P0_AP`(`ANO`, `NAME`, `SDT`) VALUES (5,'광주(KWJ)','2018-01-07');
INSERT INTO `P0_AP`(`ANO`, `NAME`, `SDT`) VALUES (6,'군산(KUV)','2018-01-07');
INSERT INTO `P0_AP`(`ANO`, `NAME`, `SDT`) VALUES (7,'대구(TAE)','2018-01-07');
INSERT INTO `P0_AP`(`ANO`, `NAME`, `SDT`) VALUES (8,'무안(MWX)','2018-01-07');
INSERT INTO `P0_AP`(`ANO`, `NAME`, `SDT`) VALUES (9,'여수/순천(RSU)','2018-01-07');
INSERT INTO `P0_AP`(`ANO`, `NAME`, `SDT`) VALUES (10,'울산(USN)','2018-01-07');
INSERT INTO `P0_AP`(`ANO`, `NAME`, `SDT`) VALUES (11,'원주(WJU)','2018-01-07');
INSERT INTO `P0_AP`(`ANO`, `NAME`, `SDT`) VALUES (12,'진주/사천(HIN)','2018-01-07');
INSERT INTO `P0_AP`(`ANO`, `NAME`, `SDT`) VALUES (13,'청주(CJJ)','2018-01-07');
INSERT INTO `P0_AP`(`ANO`, `NAME`, `SDT`) VALUES (14,'포항(KPO)','2018-01-07');
INSERT INTO `P0_AP`(`ANO`, `NAME`, `SDT`) VALUES (15,'홍콩(HNK)','2018-07-07');




--운항정보
INSERT INTO `P0_TRVL`(`TNO`, `SAP`, `AAP`, `SDT`, `ADT`, `IDT`, `MDT`) VALUES (1,1,2,'2018-09-10 08:00', '2018-09-10 11:00','2018-08-23','2018-08-24');
INSERT INTO `P0_TRVL`(`TNO`, `SAP`, `AAP`, `SDT`, `ADT`, `IDT`, `MDT`) VALUES (2,1,3,'2018-09-10 08:00', '2018-09-10 11:00','2018-08-23','2018-08-24');
INSERT INTO `P0_TRVL`(`TNO`, `SAP`, `AAP`, `SDT`, `ADT`, `IDT`, `MDT`) VALUES (3,1,4,'2018-09-10 08:00', '2018-09-10 11:00','2018-08-23','2018-08-24');
INSERT INTO `P0_TRVL`(`TNO`, `SAP`, `AAP`, `SDT`, `ADT`, `IDT`, `MDT`) VALUES (4,1,5,'2018-09-10 08:00', '2018-09-10 11:00','2018-08-23','2018-08-24');
INSERT INTO `P0_TRVL`(`TNO`, `SAP`, `AAP`, `SDT`, `ADT`, `IDT`, `MDT`) VALUES (5,1,6,'2018-09-10 08:00', '2018-09-10 11:00','2018-08-23','2018-08-24');
INSERT INTO `P0_TRVL`(`TNO`, `SAP`, `AAP`, `SDT`, `ADT`, `IDT`, `MDT`) VALUES (6,1,7,'2018-09-10 08:00', '2018-09-10 11:00','2018-08-23','2018-08-24');
INSERT INTO `P0_TRVL`(`TNO`, `SAP`, `AAP`, `SDT`, `ADT`, `IDT`, `MDT`) VALUES (7,1,8,'2018-09-10 08:00', '2018-09-10 11:00','2018-08-23','2018-08-24');
INSERT INTO `P0_TRVL`(`TNO`, `SAP`, `AAP`, `SDT`, `ADT`, `IDT`, `MDT`) VALUES (8,1,9,'2018-09-10 08:00', '2018-09-10 11:00','2018-08-23','2018-08-24');
INSERT INTO `P0_TRVL`(`TNO`, `SAP`, `AAP`, `SDT`, `ADT`, `IDT`, `MDT`) VALUES (9,1,10,'2018-09-10 08:00', '2018-09-10 11:00','2018-08-23','2018-08-24');
INSERT INTO `P0_TRVL`(`TNO`, `SAP`, `AAP`, `SDT`, `ADT`, `IDT`, `MDT`) VALUES (10,1,11,'2018-09-10 08:00', '2018-09-10 11:00','2018-08-23','2018-08-24');
INSERT INTO `P0_TRVL`(`TNO`, `SAP`, `AAP`, `SDT`, `ADT`, `IDT`, `MDT`) VALUES (11,1,12,'2018-09-10 08:00', '2018-09-10 11:00','2018-08-23','2018-08-24');
INSERT INTO `P0_TRVL`(`TNO`, `SAP`, `AAP`, `SDT`, `ADT`, `IDT`, `MDT`) VALUES (12,1,13,'2018-09-10 08:00', '2018-09-10 11:00','2018-08-23','2018-08-24');
INSERT INTO `P0_TRVL`(`TNO`, `SAP`, `AAP`, `SDT`, `ADT`, `IDT`, `MDT`) VALUES (13,1,14,'2018-09-10 08:00', '2018-09-10 11:00','2018-08-23','2018-08-24');
INSERT INTO `P0_TRVL`(`TNO`, `SAP`, `AAP`, `SDT`, `ADT`, `IDT`, `MDT`) VALUES (14,1,15,'2018-09-10 08:00', '2018-09-10 11:00','2018-08-23','2018-08-24');

INSERT INTO `P0_TRVL`(`TNO`, `SAP`, `AAP`, `SDT`, `ADT`, `IDT`, `MDT`) VALUES (15,2,1,'2018-09-10 08:00', '2018-09-10 11:00','2018-08-23','2018-08-24');
INSERT INTO `P0_TRVL`(`TNO`, `SAP`, `AAP`, `SDT`, `ADT`, `IDT`, `MDT`) VALUES (16,3,1,'2018-09-10 08:00', '2018-09-10 11:00','2018-08-23','2018-08-24');
INSERT INTO `P0_TRVL`(`TNO`, `SAP`, `AAP`, `SDT`, `ADT`, `IDT`, `MDT`) VALUES (17,4,1,'2018-09-10 08:00', '2018-09-10 11:00','2018-08-23','2018-08-24');
INSERT INTO `P0_TRVL`(`TNO`, `SAP`, `AAP`, `SDT`, `ADT`, `IDT`, `MDT`) VALUES (18,5,1,'2018-09-10 08:00', '2018-09-10 11:00','2018-08-23','2018-08-24');
INSERT INTO `P0_TRVL`(`TNO`, `SAP`, `AAP`, `SDT`, `ADT`, `IDT`, `MDT`) VALUES (19,6,1,'2018-09-10 08:00', '2018-09-10 11:00','2018-08-23','2018-08-24');
INSERT INTO `P0_TRVL`(`TNO`, `SAP`, `AAP`, `SDT`, `ADT`, `IDT`, `MDT`) VALUES (20,7,1,'2018-09-10 08:00', '2018-09-10 11:00','2018-08-23','2018-08-24');
INSERT INTO `P0_TRVL`(`TNO`, `SAP`, `AAP`, `SDT`, `ADT`, `IDT`, `MDT`) VALUES (21,8,1,'2018-09-10 08:00', '2018-09-10 11:00','2018-08-23','2018-08-24');
INSERT INTO `P0_TRVL`(`TNO`, `SAP`, `AAP`, `SDT`, `ADT`, `IDT`, `MDT`) VALUES (22,9,1,'2018-09-10 08:00', '2018-09-10 11:00','2018-08-23','2018-08-24');
INSERT INTO `P0_TRVL`(`TNO`, `SAP`, `AAP`, `SDT`, `ADT`, `IDT`, `MDT`) VALUES (23,10,1,'2018-09-10 08:00', '2018-09-10 11:00','2018-08-23','2018-08-24');
INSERT INTO `P0_TRVL`(`TNO`, `SAP`, `AAP`, `SDT`, `ADT`, `IDT`, `MDT`) VALUES (24,11,1,'2018-09-10 08:00', '2018-09-10 11:00','2018-08-23','2018-08-24');
INSERT INTO `P0_TRVL`(`TNO`, `SAP`, `AAP`, `SDT`, `ADT`, `IDT`, `MDT`) VALUES (25,12,1,'2018-09-10 08:00', '2018-09-10 11:00','2018-08-23','2018-08-24');
INSERT INTO `P0_TRVL`(`TNO`, `SAP`, `AAP`, `SDT`, `ADT`, `IDT`, `MDT`) VALUES (26,13,1,'2018-09-10 08:00', '2018-09-10 11:00','2018-08-23','2018-08-24');
INSERT INTO `P0_TRVL`(`TNO`, `SAP`, `AAP`, `SDT`, `ADT`, `IDT`, `MDT`) VALUES (27,14,1,'2018-09-10 08:00', '2018-09-10 11:00','2018-08-23','2018-08-24');
INSERT INTO `P0_TRVL`(`TNO`, `SAP`, `AAP`, `SDT`, `ADT`, `IDT`, `MDT`) VALUES (28,15,1,'2018-09-10 08:00', '2018-09-10 11:00','2018-08-23','2018-08-24');


--좌석정보
INSERT INTO `P0_GRD`(`TNO`, `CLS`, `PRC`, `SNO`) VALUES (1, 1, 1000000, 10);
INSERT INTO `P0_GRD`(`TNO`, `CLS`, `PRC`, `SNO`) VALUES (1, 2, 700000, 20);
INSERT INTO `P0_GRD`(`TNO`, `CLS`, `PRC`, `SNO`) VALUES (1, 3, 300000, 80);

INSERT INTO `P0_GRD`(`TNO`, `CLS`, `PRC`, `SNO`) VALUES (2, 1, 1000000, 10);
INSERT INTO `P0_GRD`(`TNO`, `CLS`, `PRC`, `SNO`) VALUES (2, 2, 700000, 20);
INSERT INTO `P0_GRD`(`TNO`, `CLS`, `PRC`, `SNO`) VALUES (2, 3, 300000, 80);

INSERT INTO `P0_GRD`(`TNO`, `CLS`, `PRC`, `SNO`) VALUES (3, 1, 1000000, 10);
INSERT INTO `P0_GRD`(`TNO`, `CLS`, `PRC`, `SNO`) VALUES (3, 2, 700000, 20);
INSERT INTO `P0_GRD`(`TNO`, `CLS`, `PRC`, `SNO`) VALUES (3, 3, 300000, 80);

INSERT INTO `P0_GRD`(`TNO`, `CLS`, `PRC`, `SNO`) VALUES (4, 1, 1000000, 10);
INSERT INTO `P0_GRD`(`TNO`, `CLS`, `PRC`, `SNO`) VALUES (4, 2, 700000, 20);
INSERT INTO `P0_GRD`(`TNO`, `CLS`, `PRC`, `SNO`) VALUES (4, 3, 300000, 80);

INSERT INTO `P0_GRD`(`TNO`, `CLS`, `PRC`, `SNO`) VALUES (5, 1, 1000000, 10);
INSERT INTO `P0_GRD`(`TNO`, `CLS`, `PRC`, `SNO`) VALUES (5, 2, 700000, 20);
INSERT INTO `P0_GRD`(`TNO`, `CLS`, `PRC`, `SNO`) VALUES (5, 3, 300000, 80);

INSERT INTO `P0_GRD`(`TNO`, `CLS`, `PRC`, `SNO`) VALUES (6, 1, 1000000, 10);
INSERT INTO `P0_GRD`(`TNO`, `CLS`, `PRC`, `SNO`) VALUES (6, 2, 700000, 20);
INSERT INTO `P0_GRD`(`TNO`, `CLS`, `PRC`, `SNO`) VALUES (6, 3, 300000, 80);




SELECT TNO, ( SELECT NAME FROM P0_AP WHERE ANO = 1) AS SAPNAME, (SELECT NAME FROM P0_AP WHERE ANO = 15) AS AAPNAME, SDT, ADT, CLS, PRC, SNO
FROM P0_TRVL 
WHERE DATE(SDT) = '2018-09-10'


SELECT 
  TR.TNO, 
  TR.SAP, 
  TR.AAP, 
  TR.SDT, 
  TR.ADT, 
  G.CLS, 
  G.PRC,
  SA.NAME SAP_NAME,
  AA.NAME AAP_NAME
FROM P0_TRVL TR 
  JOIN P0_AP SA ON TR.SAP = SA.ANO 
  JOIN P0_AP AA ON TR.AAP = AA.ANO
  JOIN P0_GRD G ON TR.TNO = G.TNO
WHERE DATE(TR.SDT) = '2018-09-10'